customer_id,name,email
1,Derrick Santiago,nturner@example.com
2,Robert Mckee,william94@example.org
3,Kerry Daniel,mary35@example.net
4,Steven Gonzalez,karenjones@example.org
5,Linda Payne,blanchardabigail@example.com
6,Jason Johnson,tracyfoley@example.com
7,Mark Rodriguez,laurenpittman@example.org
8,Jeffrey Williams,robertmyers@example.com
9,James Shepherd,skim@example.org
10,Eddie Salazar,jessica65@example.net
11,Steven Christensen,jacquelinerivera@example.net
12,Mark Brown,sharon10@example.org
13,Katrina King,danabray@example.com
14,Ethan Anderson MD,stevenford@example.net
15,Michael Foster,dakota51@example.org
16,Caleb Mata,ybrewer@example.org
17,David Aguilar,samantha48@example.net
18,Holly Sullivan,garcialance@example.org
19,Lisa Freeman,rmccann@example.net
20,Nicole Turner,smithlinda@example.net
21,Tyler Nicholson,sharonponce@example.com
22,Erin Wyatt,robertcurry@example.org
23,Mario Dunn,amanda82@example.org
24,Justin King,gmiller@example.org
25,Angela Reyes,brownmelanie@example.net
26,Morgan Howe,ddavis@example.org
27,Mr. Mark Meyer,sboyle@example.org
28,Audrey Lewis,trevorlee@example.org
29,Thomas Perez,adamsjeffrey@example.com
30,Edward Chen,nicolejackson@example.org
31,Madeline Bennett,lambbrenda@example.com
32,Donald Cook Jr.,brittanygallagher@example.com
33,John Frazier,kevin01@example.org
34,Brianna Gordon,mariasmith@example.com
35,Lori West,elizabeth48@example.net
36,Randy Cisneros,qmartinez@example.org
37,Melanie Cameron,xnelson@example.net
38,Mario Soto,joshuapowers@example.org
39,Alexis Hill,emaldonado@example.com
40,Kelsey Conrad,sullivangabriel@example.com
41,Jesse Price,danielsjennifer@example.org
42,Nathan Krueger,nicholas57@example.com
43,Kelsey Jones,micheal84@example.org
44,Kelly Ray,ehill@example.net
45,Jason Krause,ywatson@example.org
46,Billy Mullins,xwhite@example.net
47,Sarah Jones,stanley57@example.com
48,Stephanie Jackson,evansxavier@example.com
49,Daniel Green,karenmiranda@example.org
50,Stephen Diaz,harrisjustin@example.net
51,Ashley Hill,robertrobinson@example.net
52,Michael Cooke,wwilliams@example.net
53,Jason Stewart,browncalvin@example.net
54,Kevin Black,lsoto@example.org
55,Janet Hill,perrywendy@example.net
56,Nicole Peck,rcampbell@example.net
57,Mrs. Molly Guerra MD,cwest@example.com
58,Connor Knox,barajasjoe@example.com
59,Joshua Smith,oaguilar@example.com
60,William Romero,velasquezmikayla@example.com
61,Rhonda Stevenson,hollysanders@example.net
62,Meghan Hernandez,jpowell@example.net
63,Marc Pratt,christopherpittman@example.net
64,Danielle Christensen,briangutierrez@example.net
65,John Garcia,ana30@example.org
66,Jeffrey Lara,powellchristine@example.net
67,Sophia Craig,georgegomez@example.com
68,Megan Norris,frankmcdowell@example.org
69,Corey Ingram,allisonpatricia@example.com
70,Jose Johnson,christina27@example.com
71,Lisa Carpenter,jordanburns@example.org
72,Bridget Warner,randall42@example.com
73,Sally Wallace,egray@example.com
74,Stephanie Stein,rmeza@example.net
75,Brian West,zsantiago@example.com
76,Aaron Smith,smithmichelle@example.net
77,Michael Johnson,astewart@example.net
78,Jennifer Berry,kimclark@example.com
79,Paul Rogers,ashelton@example.net
80,Judy Ford,qolson@example.com
81,Shannon Adams,nolson@example.org
82,Matthew Boyer MD,davidjarvis@example.com
83,Benjamin Hernandez,yvette31@example.org
84,Kristin Black,vwilkins@example.org
85,Charles Frazier,jamesvictoria@example.net
86,Carly Taylor,dwilliams@example.org
87,Lisa Collins,michellewright@example.org
88,Martin Stewart,sarah99@example.org
89,Lisa Haley,mbrown@example.org
90,Michael Jackson,simsjohn@example.com
91,Eric Smith,howemichelle@example.net
92,Patricia Frazier,joyce90@example.com
93,Carolyn Fox,carlawells@example.org
94,Ms. Brenda Allen,pamela76@example.net
95,Kimberly Chang,morselinda@example.org
96,Linda Harvey,ffisher@example.net
97,Robert Johnson,orodriguez@example.net
98,Mark Grant,dunnchristine@example.net
99,Diane Mccarthy,mle@example.com
100,Jean Sandoval,stacie53@example.com
101,Jennifer Smith,trujillodaniel@example.org
102,Laura Larson,davidbell@example.org
103,Jack Atkins,steven49@example.com
104,Christy Davis,marvin25@example.com
105,Dustin Mueller DVM,richardliu@example.org
106,Gregory Hendricks,patricia51@example.org
107,Michael Fernandez,linda35@example.org
108,Nancy Hernandez,byrdshelly@example.com
109,Miranda Robinson,michaelallen@example.net
110,Jill Thomas,david95@example.com
111,Beverly Harris MD,jennifergarner@example.net
112,Victoria Cortez,jenkinscassandra@example.com
113,John Wallace,michaelpreston@example.org
114,Renee Watson,melinda35@example.net
115,Steven Ford,ubradley@example.org
116,Brittany Kane,zbrown@example.com
117,Rebekah Cabrera,katiereyes@example.org
118,Abigail Harris,kimberly25@example.org
119,Dr. Samantha Cruz,xhendrix@example.org
120,Gregory York,andreaharris@example.com
121,Timothy Garcia,shannon64@example.com
122,Erin Morales,edward89@example.net
123,William Harris,bonniecobb@example.org
124,Jason Gardner,gilmoremichael@example.net
125,Michael Wright,rpark@example.net
126,Ryan Brown,olsenangela@example.com
127,Michael Fox,osanchez@example.net
128,William Chan,jwright@example.org
129,Michelle Williams,hunteremily@example.org
130,Phillip Mason,gwong@example.com
131,Alfred Martin,cjensen@example.org
132,Steven Atkins,nfletcher@example.net
133,Tiffany Johnson,kaitlin90@example.org
134,Natalie Valdez,sharonali@example.net
135,Mary Dunn,pamelasmith@example.net
136,Marc Wells,crystalchase@example.net
137,Mary Young,darrellhernandez@example.net
138,Haley Young,idiaz@example.com
139,Victoria Melton,dawnmendoza@example.org
140,Brittany Ortiz,tbrown@example.com
141,Natasha Sanchez,allenjennifer@example.net
142,Amanda Ruiz,maryroth@example.org
143,Michele Gonzales,carrgary@example.net
144,Jennifer Flores,patriciajackson@example.com
145,Nancy York,campbellsandy@example.org
146,William Bennett Jr.,sethpalmer@example.com
147,Scott Barron,joeladams@example.org
148,Zachary Murphy,hholt@example.com
149,Richard Moreno,robertsonwilliam@example.org
150,Katherine Powell,stonekatie@example.org
